﻿{
    "$schema":  "https://schema.management.azure.com/schemas/2015-01-01/deploymentTemplate.json#",
    "contentVersion":  "1.0.0.0",
    "parameters":  {
                       "storageAccountNamePrefix":  {
                                                        "type":  "string"
                                                    },
                       "storageAccountType":  {
                                                  "type":  "string"
                                              },
                       "location":  {
                                        "type":  "string",
                                        "defaultValue":  "[resourceGroup().location]"
                                    }
                   },
    "variables":  {
                      "applianceInfraResourceGroupId":  "[concat(resourceGroup().id,'-application-resources')]"
                  },
    "resources":  [
                      {
                          "type":  "Microsoft.Solutions/appliances",
                          "name":  "ExpertsLiveStorage",
                          "apiVersion":  "2016-09-01-preview",
                          "location":  "[resourceGroup().Location]",
                          "kind":  "ServiceCatalog",
                          "properties":  {
                                             "managedResourceGroupId":  "[variables('applianceInfraResourceGroupId')]",
                                             "applianceDefinitionId":  "[concat('/subscriptions/',subscription().subscriptionId,'/resourceGroups/azmgmtapp/providers/Microsoft.Solutions/applianceDefinitions/ExpertsLiveStorage')]",
                                             "parameters":  {
                                                                "storageAccountType":  {
                                                                                           "value":  "[parameters('storageAccountType')]"
                                                                                       },
                                                                "storageAccountNamePrefix":  {
                                                                                                 "value":  "[parameters('storageAccountNamePrefix')]"
                                                                                             },
                                                                "location":  {
                                                                                 "value":  "[parameters('location')]"
                                                                             }
                                                            }
                                         }
                      }
                  ],
    "outputs":  {

                }
}
